account,queue,status,changed_datetime
91710,PAYING,PAY PROP,45667.06037
80451,COLLECTIONS,CANCEL2,45667.15338
85241,SETTLED,SETTLED,45667.26198
95997,INSOLVENCY,INS4,45667.43266
57417,SETTLED,SETTLED,45667.46166
94928,OTHER,ARCHIVED,45667.53557
29210,PAYING,PAY PROP,45667.56747
58244,SETTLED,SETTLED,45667.57814
96772,OTHER,ARCHIVED,45667.75807
39629,SETTLED,SETTLED,45667.75876
70180,TRACE,GONEAWAY,45667.84023
15248,LEGAL,LEG_NOT,45667.84479
27800,OTHER,ARCHIVED,45667.86274
78633,COLLECTIONS,PRIME_D,45667.87291
