account,queue,status,month
26686,INSOLVENCY,INS3,05
48388,COLLECTIONS,TELSOLUTIONS4,05
81634,INSOLVENCY,INS3,05
39776,OTHER,ARCHIVED,05
70437,PAYING,PAY CURR,05
25635,LEGAL,LEG_NOT,05
72278,TRACE,GONEAWAY,05
43314,LEGAL,LEG_NOT,05
77262,COLLECTIONS,PRIME_D,05
68484,INSOLVENCY,INS1,05
54341,LEGAL,HOLD FO,05
25733,COLLECTIONS,PRIME_D,05
83776,COLLECTIONS,PRIME,05
10506,LEGAL,LEG VERIF 2,05
54275,SETTLED,SETTLED,05
78353,LEGAL,LEG VERIF 1,05
91558,SETTLED,SETTLED,05
85922,OTHER,ARCHIVED,05
44476,TRACE,GONEAWAY,05
15757,TRACE,GONEAWAY,05
55044,INSOLVENCY,INS4,05
26918,COLLECTIONS,TELSOLUTIONS1,05
11916,OTHER,ARCHIVED,05
91710,INSOLVENCY,INS4,05
15004,OTHER,ARCHIVED,05
40659,LEGAL,HOLD FO,05
98254,LEGAL,LEG VERIF 2,05
43882,SETTLED,SETTLED,05
54718,COLLECTIONS,CANCEL4,05
61582,TRACE,GONEAWAY,05
60011,PAYING,PAY PROP,05
94400,SETTLED,SETTLED,05
92221,PAYING,PAY CURR,05
46992,TRACE,GONEAWAY,05
91142,COLLECTIONS,CASSIST2,05
46155,OTHER,ARCHIVED,05
88654,OTHER,ARCHIVED,05
19372,LEGAL,HOLD FO,05
58984,INSOLVENCY,INSP,05
49823,TRACE,GONEAWAY,05
54296,TRACE,GONEAWAY,05
44286,LEGAL,LEG VERIF 2,05
11449,OTHER,ARCHIVED,05
33347,COLLECTIONS,PAY OVER,05
19523,PAYING,PAY CURR,05
44502,SETTLED,SETTLED,05
89313,SETTLED,SETTLED,05
19675,OTHER,ARCHIVED,05
83943,COLLECTIONS,PAY OVER,05
68861,LEGAL,LEG VERIF 2,05
53017,INSOLVENCY,INS2,05
55992,COLLECTIONS,TELSOLUTIONS4,05
53016,PAYING,PAY PROP,05
10474,INSOLVENCY,INS1,05
95274,SETTLED,SETTLED,05
47933,PAYING,PAY PROP,05
19099,TRACE,GONEAWAY,05
39629,PAYING,PAY CURR,05
28442,OTHER,ARCHIVED,05
95324,TRACE,GONEAWAY,05
98172,PAYING,PAY PROP,05
27789,PAYING,PAY CURR,05
59344,LEGAL,LEG VERIF 1,05
31233,INSOLVENCY,INS3,05
42494,LEGAL,HOLD FO,05
93257,LEGAL,LEG_TIT,05
28382,SETTLED,SETTLED,05
91658,LEGAL,LEG_NOT,05
69791,TRACE,GONEAWAY,05
41546,OTHER,ARCHIVED,05
65559,PAYING,PAY PROP,05
13787,INSOLVENCY,INS2,05
83652,INSOLVENCY,INS4,05
71125,TRACE,GONEAWAY,05
35227,LEGAL,LEG_TIT,05
17413,OTHER,ARCHIVED,05
38921,INSOLVENCY,INSP,05
95230,PAYING,PAY CURR,05
13861,TRACE,GONEAWAY,05
21707,PAYING,PAY PROP,05
13206,OTHER,ARCHIVED,05
15248,LEGAL,HOLD FO,05
95291,OTHER,ARCHIVED,05
84640,COLLECTIONS,TELSOLUTIONS1,05
95157,COLLECTIONS,CASSIST2,05
79792,INSOLVENCY,INS3,05
98794,PAYING,PAY CURR,05
90869,PAYING,PAY PROP,05
39313,COLLECTIONS,TELSOLUTIONS1,05
21453,OTHER,ARCHIVED,05
60001,INSOLVENCY,INS3,05
77917,PAYING,PAY PROP,05
63848,LEGAL,LEG VERIF 1,05
55047,COLLECTIONS,CANCEL2,05
58434,PAYING,PAY CURR,05
99694,LEGAL,LEG_NOT,05
77521,SETTLED,SETTLED,05
42247,TRACE,GONEAWAY,05
50973,PAYING,PAY PROP,05
91099,INSOLVENCY,INSP,05
61934,INSOLVENCY,INS2,05
16077,COLLECTIONS,CANCEL4,05
46986,LEGAL,LEG_NOT,05
57074,SETTLED,SETTLED,05
66138,INSOLVENCY,INS3,05
13883,LEGAL,LEG_TIT,05
62345,PAYING,PAY CURR,05
94956,PAYING,PAY PROP,05
29836,PAYING,PAY PROP,05
13057,INSOLVENCY,INS2,05
18486,COLLECTIONS,TELSOLUTIONS1,05
13664,COLLECTIONS,PRIME,05
63538,SETTLED,SETTLED,05
34223,INSOLVENCY,INS3,05
39966,PAYING,PAY CURR,05
46662,OTHER,ARCHIVED,05
14671,SETTLED,SETTLED,05
32998,LEGAL,LEG_NOT,05
91678,SETTLED,SETTLED,05
94751,INSOLVENCY,INS4,05
39643,INSOLVENCY,INS2,05
97918,LEGAL,LEG VERIF 2,05
33057,PAYING,PAY PROP,05
14567,COLLECTIONS,TELSOLUTIONS4,05
25726,TRACE,GONEAWAY,05
74670,COLLECTIONS,PAY OVER,05
11254,INSOLVENCY,INS4,05
18838,COLLECTIONS,TELSOLUTIONS1,05
93774,OTHER,ARCHIVED,05
64136,TRACE,GONEAWAY,05
70219,SETTLED,SETTLED,05
45153,INSOLVENCY,INS3,05
85441,SETTLED,SETTLED,05
21489,TRACE,GONEAWAY,05
94714,TRACE,GONEAWAY,05
72340,INSOLVENCY,INSP,05
59940,LEGAL,LEG_TIT,05
66216,LEGAL,LEG VERIF 1,05
60840,INSOLVENCY,INS3,05
75723,LEGAL,LEG_NOT,05
40540,COLLECTIONS,PAY OVER,05
52087,LEGAL,LEG VERIF 2,05
73732,OTHER,ARCHIVED,05
47543,OTHER,ARCHIVED,05
13989,PAYING,PAY CURR,05
86013,TRACE,GONEAWAY,05
21698,TRACE,GONEAWAY,05
57417,SETTLED,SETTLED,05
23382,SETTLED,SETTLED,05
46494,OTHER,ARCHIVED,05
70629,SETTLED,SETTLED,05
93496,LEGAL,LEG VERIF 2,05
86086,OTHER,ARCHIVED,05
17821,PAYING,PAY PROP,05
27543,PAYING,PAY CURR,05
89176,TRACE,GONEAWAY,05
13124,SETTLED,SETTLED,05
22367,OTHER,ARCHIVED,05
74428,COLLECTIONS,PAY OVER,05
47450,PAYING,PAY CURR,05
68126,OTHER,ARCHIVED,05
37988,SETTLED,SETTLED,05
97661,LEGAL,LEG VERIF 2,05
87813,OTHER,ARCHIVED,05
78078,COLLECTIONS,PRIME,05
47103,INSOLVENCY,INS4,05
37628,LEGAL,HOLD FO,05
31658,INSOLVENCY,INS1,05
88060,INSOLVENCY,INS4,05
25000,COLLECTIONS,TELSOLUTIONS4,05
31172,PAYING,PAY CURR,05
64246,SETTLED,SETTLED,05
91435,PAYING,PAY PROP,05
21415,OTHER,ARCHIVED,05
52697,COLLECTIONS,PRIME,05
75042,TRACE,GONEAWAY,05
84256,TRACE,GONEAWAY,05
20507,TRACE,GONEAWAY,05
34108,COLLECTIONS,PRIME,05
45495,PAYING,PAY PROP,05
22047,COLLECTIONS,CANCEL2,05
91712,OTHER,ARCHIVED,05
77145,PAYING,PAY CURR,05
57663,INSOLVENCY,INS2,05
30496,LEGAL,LEG_NOT,05
99755,PAYING,PAY PROP,05
67443,PAYING,PAY PROP,05
39175,TRACE,GONEAWAY,05
52219,COLLECTIONS,CANCEL4,05
77395,PAYING,PAY PROP,05
91001,OTHER,ARCHIVED,05
47857,LEGAL,HOLD FO,05
82789,COLLECTIONS,PAY OVER,05
67303,INSOLVENCY,INS1,05
31527,OTHER,ARCHIVED,05
67701,INSOLVENCY,INS2,05
27800,SETTLED,SETTLED,05
71914,SETTLED,SETTLED,05
93809,PAYING,PAY PROP,05
55200,INSOLVENCY,INS4,05
27620,SETTLED,SETTLED,05
43108,SETTLED,SETTLED,05
79521,OTHER,ARCHIVED,05
59505,INSOLVENCY,INS1,05
32832,OTHER,ARCHIVED,05
45539,SETTLED,SETTLED,05
64713,OTHER,ARCHIVED,05
35504,PAYING,PAY CURR,05
24815,PAYING,PAY CURR,05
19986,LEGAL,HOLD FO,05
85173,SETTLED,SETTLED,05
66463,OTHER,ARCHIVED,05
92889,TRACE,GONEAWAY,05
97280,OTHER,ARCHIVED,05
40198,TRACE,GONEAWAY,05
71048,PAYING,PAY CURR,05
96772,SETTLED,SETTLED,05
62106,TRACE,GONEAWAY,05
38899,SETTLED,SETTLED,05
56961,COLLECTIONS,CANCEL2,05
89612,COLLECTIONS,CASSIST2,05
52609,COLLECTIONS,PRIME_D,05
78528,TRACE,GONEAWAY,05
88706,LEGAL,HOLD FO,05
28504,PAYING,PAY CURR,05
11356,INSOLVENCY,INS4,05
47808,LEGAL,LEG_NOT,05
14961,SETTLED,SETTLED,05
76500,LEGAL,LEG_TIT,05
66106,SETTLED,SETTLED,05
64070,LEGAL,LEG_NOT,05
24213,TRACE,GONEAWAY,05
36291,PAYING,PAY PROP,05
34629,PAYING,PAY CURR,05
41740,LEGAL,LEG_NOT,05
84211,COLLECTIONS,CANCEL2,05
61279,INSOLVENCY,INS2,05
82526,LEGAL,HOLD FO,05
81029,TRACE,GONEAWAY,05
16402,COLLECTIONS,CANCEL4,05
17880,COLLECTIONS,CANCEL4,05
87432,SETTLED,SETTLED,05
55886,COLLECTIONS,CASSIST2,05
61550,COLLECTIONS,CANCEL4,05
62692,COLLECTIONS,TELSOLUTIONS4,05
51596,OTHER,ARCHIVED,05
94706,LEGAL,LEG VERIF 1,05
58892,PAYING,PAY PROP,05
45393,SETTLED,SETTLED,05
74699,COLLECTIONS,CANCEL2,05
65864,SETTLED,SETTLED,05
74894,PAYING,PAY PROP,05
90467,COLLECTIONS,CASSIST2,05
86693,TRACE,GONEAWAY,05
67504,PAYING,PAY PROP,05
32252,COLLECTIONS,PRIME_D,05
16628,INSOLVENCY,INS2,05
31903,LEGAL,LEG VERIF 2,05
20233,COLLECTIONS,PRIME_D,05
27223,TRACE,GONEAWAY,05
49999,SETTLED,SETTLED,05
52137,COLLECTIONS,PRIME,05
83620,INSOLVENCY,INSP,05
49171,TRACE,GONEAWAY,05
60663,SETTLED,SETTLED,05
46545,SETTLED,SETTLED,05
48786,OTHER,ARCHIVED,05
94638,INSOLVENCY,INS4,05
98298,TRACE,GONEAWAY,05
86556,COLLECTIONS,PRIME_D,05
90725,TRACE,GONEAWAY,05
14117,TRACE,GONEAWAY,05
63099,SETTLED,SETTLED,05
82095,PAYING,PAY CURR,05
84455,SETTLED,SETTLED,05
73556,SETTLED,SETTLED,05
53131,INSOLVENCY,INS3,05
23982,PAYING,PAY CURR,05
48880,SETTLED,SETTLED,05
82007,PAYING,PAY CURR,05
14006,PAYING,PAY PROP,05
26168,PAYING,PAY PROP,05
33783,LEGAL,LEG_TIT,05
35401,TRACE,GONEAWAY,05
26696,LEGAL,LEG VERIF 2,05
20307,TRACE,GONEAWAY,05
80451,COLLECTIONS,PRIME,05
85241,OTHER,ARCHIVED,05
95997,TRACE,GONEAWAY,05
94928,COLLECTIONS,PRIME_D,05
29210,PAYING,PAY PROP,05
58244,INSOLVENCY,INS4,05
70180,COLLECTIONS,CANCEL4,05
78633,TRACE,GONEAWAY,05
86015,LEGAL,LEG VERIF 1,05
91402,COLLECTIONS,CANCEL4,05
59399,COLLECTIONS,TELSOLUTIONS1,05
31933,SETTLED,SETTLED,05
45548,INSOLVENCY,INS4,05
27497,LEGAL,LEG VERIF 1,05
86646,TRACE,GONEAWAY,05
21399,LEGAL,LEG VERIF 1,05
95599,COLLECTIONS,PRIME,05
37781,OTHER,ARCHIVED,05
26514,COLLECTIONS,CASSIST2,05
11352,LEGAL,LEG VERIF 1,05
44060,INSOLVENCY,INS1,05
29623,PAYING,PAY PROP,05
19413,TRACE,GONEAWAY,05
95232,OTHER,ARCHIVED,05
38621,TRACE,GONEAWAY,05
92669,OTHER,ARCHIVED,05
13416,INSOLVENCY,INS1,05
32283,PAYING,PAY CURR,05
88716,COLLECTIONS,TELSOLUTIONS1,05
84845,LEGAL,LEG VERIF 2,05
47984,TRACE,GONEAWAY,05
82269,COLLECTIONS,PRIME,05
60048,TRACE,GONEAWAY,05
65773,INSOLVENCY,INSP,05
29600,SETTLED,SETTLED,05
80893,PAYING,PAY PROP,05
34083,TRACE,GONEAWAY,05
51089,TRACE,GONEAWAY,05
74104,TRACE,GONEAWAY,05
35861,OTHER,ARCHIVED,05
69313,SETTLED,SETTLED,05
72758,INSOLVENCY,INSP,05
78987,SETTLED,SETTLED,05
95948,COLLECTIONS,PRIME_D,05
97132,LEGAL,LEG_TIT,05
82735,TRACE,GONEAWAY,05
87394,OTHER,ARCHIVED,05
62377,INSOLVENCY,INS1,05
66755,TRACE,GONEAWAY,05
68436,OTHER,ARCHIVED,05
45571,TRACE,GONEAWAY,05
91331,SETTLED,SETTLED,05
85557,PAYING,PAY PROP,05
12247,PAYING,PAY CURR,05
29593,COLLECTIONS,CASSIST2,05
48354,INSOLVENCY,INS3,05
30531,SETTLED,SETTLED,05
58120,PAYING,PAY CURR,05
67687,COLLECTIONS,CANCEL4,05
98909,COLLECTIONS,CASSIST2,05
20457,INSOLVENCY,INS4,05
91537,INSOLVENCY,INS3,05
37924,LEGAL,HOLD FO,05
39116,COLLECTIONS,PAY OVER,05
90213,LEGAL,HOLD FO,05
40079,TRACE,GONEAWAY,05
63223,COLLECTIONS,PAY OVER,05
89178,LEGAL,LEG_NOT,05
60199,INSOLVENCY,INS1,05
65156,TRACE,GONEAWAY,05
58473,COLLECTIONS,TELSOLUTIONS1,05
35919,TRACE,GONEAWAY,05
19086,LEGAL,LEG VERIF 1,05
51216,TRACE,GONEAWAY,05
17320,SETTLED,SETTLED,05
94606,COLLECTIONS,CANCEL2,05
87459,COLLECTIONS,CANCEL2,05
52017,PAYING,PAY PROP,05
16913,LEGAL,HOLD FO,05
96425,COLLECTIONS,TELSOLUTIONS4,05
39453,LEGAL,LEG VERIF 2,05
62495,SETTLED,SETTLED,05
78416,LEGAL,LEG VERIF 1,05
21418,SETTLED,SETTLED,05
50515,TRACE,GONEAWAY,05
60947,SETTLED,SETTLED,05
36810,COLLECTIONS,CASSIST2,05
61708,SETTLED,SETTLED,05
65428,TRACE,GONEAWAY,05
25073,COLLECTIONS,PRIME,05
63285,TRACE,GONEAWAY,05
40856,LEGAL,LEG VERIF 2,05
13356,COLLECTIONS,PAY OVER,05
86543,LEGAL,LEG VERIF 1,05
96035,LEGAL,LEG VERIF 2,05
32687,TRACE,GONEAWAY,05
62836,SETTLED,SETTLED,05
43403,OTHER,ARCHIVED,05
82324,SETTLED,SETTLED,05
23780,TRACE,GONEAWAY,05
83051,OTHER,ARCHIVED,05
92829,OTHER,ARCHIVED,05
85466,SETTLED,SETTLED,05
66158,OTHER,ARCHIVED,05
30943,OTHER,ARCHIVED,05
52055,INSOLVENCY,INS3,05
11336,SETTLED,SETTLED,05
66787,OTHER,ARCHIVED,05
92255,TRACE,GONEAWAY,05
77513,LEGAL,LEG_NOT,05
42371,SETTLED,SETTLED,05
10180,OTHER,ARCHIVED,05
94193,INSOLVENCY,INS1,05
33376,OTHER,ARCHIVED,05
47532,SETTLED,SETTLED,05
44289,OTHER,ARCHIVED,05
17346,COLLECTIONS,PRIME,05
36459,PAYING,PAY CURR,05
57819,LEGAL,LEG_TIT,05
40987,OTHER,ARCHIVED,05
26066,OTHER,ARCHIVED,05
63368,COLLECTIONS,TELSOLUTIONS4,05
31463,OTHER,ARCHIVED,05
69833,SETTLED,SETTLED,05
62595,COLLECTIONS,PRIME_D,05
73634,COLLECTIONS,TELSOLUTIONS4,05
82487,SETTLED,SETTLED,05
34002,TRACE,GONEAWAY,05
86494,LEGAL,LEG_NOT,05
46369,INSOLVENCY,INS4,05
30817,PAYING,PAY CURR,05
54765,TRACE,GONEAWAY,05
42747,INSOLVENCY,INSP,05
54885,PAYING,PAY PROP,05
17948,LEGAL,LEG_NOT,05
79212,SETTLED,SETTLED,05
54549,LEGAL,HOLD FO,05
47801,LEGAL,HOLD FO,05
73332,OTHER,ARCHIVED,05
89946,LEGAL,LEG VERIF 1,05
33687,LEGAL,HOLD FO,05
41979,PAYING,PAY PROP,05
15680,SETTLED,SETTLED,05
55558,COLLECTIONS,PAY OVER,05
30746,COLLECTIONS,PRIME,05
89082,TRACE,GONEAWAY,05
37744,COLLECTIONS,PRIME_D,05
46588,PAYING,PAY CURR,05
14184,TRACE,GONEAWAY,05
91173,PAYING,PAY CURR,05
74228,PAYING,PAY PROP,05
86347,PAYING,PAY PROP,05
16198,TRACE,GONEAWAY,05
97989,PAYING,PAY PROP,05
13484,TRACE,GONEAWAY,05
81469,COLLECTIONS,PRIME_D,05
48606,LEGAL,LEG_NOT,05
57791,TRACE,GONEAWAY,05
89637,COLLECTIONS,PRIME,05
58064,COLLECTIONS,CANCEL2,05
55030,TRACE,GONEAWAY,05
87921,COLLECTIONS,TELSOLUTIONS1,05
83785,SETTLED,SETTLED,05
57726,PAYING,PAY PROP,05
90540,PAYING,PAY PROP,05
54123,SETTLED,SETTLED,05
10585,TRACE,GONEAWAY,05
84118,COLLECTIONS,PRIME_D,05
73980,SETTLED,SETTLED,05
77356,COLLECTIONS,PRIME_D,05
59502,TRACE,GONEAWAY,05
27482,COLLECTIONS,CANCEL4,05
71242,LEGAL,LEG VERIF 1,05
25633,LEGAL,LEG_TIT,05
77426,OTHER,ARCHIVED,05
51246,SETTLED,SETTLED,05
17670,OTHER,ARCHIVED,05
17232,TRACE,GONEAWAY,05
52436,PAYING,PAY PROP,05
10869,SETTLED,SETTLED,05
37798,LEGAL,LEG_TIT,05
93890,LEGAL,LEG_TIT,05
17993,INSOLVENCY,INS2,05
77013,INSOLVENCY,INS4,05
26742,LEGAL,LEG_NOT,05
42252,LEGAL,LEG VERIF 2,05
79279,TRACE,GONEAWAY,05
32552,OTHER,ARCHIVED,05
72838,PAYING,PAY CURR,05
67396,PAYING,PAY CURR,05
59639,SETTLED,SETTLED,05
97730,TRACE,GONEAWAY,05
36313,INSOLVENCY,INS4,05
88333,SETTLED,SETTLED,05
81675,PAYING,PAY PROP,05
34650,LEGAL,HOLD FO,05
26232,SETTLED,SETTLED,05
98849,OTHER,ARCHIVED,05
88213,OTHER,ARCHIVED,05
40733,COLLECTIONS,CANCEL2,05
59791,INSOLVENCY,INS3,05
34177,TRACE,GONEAWAY,05
99999,LEGAL,LEG_NOT,05
